{
  "task_id": "01_hello_world",
  "variant": "default",
  "framework": "langgraph",
  "framework_version": "1.2.4",
  "model_alias": "gemini-2.5-flash",
  "n": 10,
  "n_failed": 0,
  "success_rate": 1.0,
  "stats": {
    "latency_ms": {
      "mean": 846.4,
      "stdev": 224.5507515017485,
      "p50": 765.5,
      "p95": 1268.5999999999995,
      "p99": 1424.12,
      "min": 674.0,
      "max": 1463.0,
      "ci95_low": 739.9975000000001,
      "ci95_high": 997.4049999999999
    },
    "cold_start_ms": {
      "mean": 0.3,
      "stdev": 0.458257569495584,
      "p50": 0.0,
      "p95": 1.0,
      "p99": 1.0,
      "min": 0.0,
      "max": 1.0,
      "ci95_low": 0.0,
      "ci95_high": 0.6
    },
    "tokens_input": {
      "mean": 15.0,
      "stdev": 0.0,
      "p50": 15.0,
      "p95": 15.0,
      "p99": 15.0,
      "min": 15.0,
      "max": 15.0,
      "ci95_low": 15.0,
      "ci95_high": 15.0
    },
    "tokens_output": {
      "mean": 18.5,
      "stdev": 0.5,
      "p50": 18.5,
      "p95": 19.0,
      "p99": 19.0,
      "min": 18.0,
      "max": 19.0,
      "ci95_low": 18.2,
      "ci95_high": 18.8
    },
    "tokens_cached": {
      "mean": 0.0,
      "stdev": 0.0,
      "p50": 0.0,
      "p95": 0.0,
      "p99": 0.0,
      "min": 0.0,
      "max": 0.0,
      "ci95_low": 0.0,
      "ci95_high": 0.0
    },
    "ram_peak_mb": {
      "mean": 101.451,
      "stdev": 0.14604451376207275,
      "p50": 101.44,
      "p95": 101.714,
      "p99": 101.7428,
      "min": 101.27,
      "max": 101.75,
      "ci95_low": 101.36697499999998,
      "ci95_high": 101.546
    }
  },
  "cost": {
    "usd_per_run": {
      "mean": 5.0749999999999994e-05,
      "stdev": 1.2499999999999999e-06,
      "p50": 5.075e-05,
      "p95": 5.2e-05,
      "p99": 5.2000000000000004e-05,
      "min": 4.95e-05,
      "max": 5.2e-05,
      "ci95_low": 5e-05,
      "ci95_high": 5.149999999999999e-05
    },
    "pricing_table_date": "2026-06-10"
  }
}