{
  "task_id": "01_hello_world",
  "variant": "default",
  "framework": "langchain",
  "framework_version": "1.3.6",
  "model_alias": "gemini-2.5-flash",
  "n": 10,
  "n_failed": 0,
  "success_rate": 1.0,
  "stats": {
    "latency_ms": {
      "mean": 796.4,
      "stdev": 167.128214254805,
      "p50": 738.0,
      "p95": 1102.3999999999996,
      "p99": 1234.8799999999999,
      "min": 686.0,
      "max": 1268.0,
      "ci95_low": 718.9,
      "ci95_high": 912.8099999999997
    },
    "cold_start_ms": {
      "mean": 0.0,
      "stdev": 0.0,
      "p50": 0.0,
      "p95": 0.0,
      "p99": 0.0,
      "min": 0.0,
      "max": 0.0,
      "ci95_low": 0.0,
      "ci95_high": 0.0
    },
    "tokens_input": {
      "mean": 15.0,
      "stdev": 0.0,
      "p50": 15.0,
      "p95": 15.0,
      "p99": 15.0,
      "min": 15.0,
      "max": 15.0,
      "ci95_low": 15.0,
      "ci95_high": 15.0
    },
    "tokens_output": {
      "mean": 18.5,
      "stdev": 0.5,
      "p50": 18.5,
      "p95": 19.0,
      "p99": 19.0,
      "min": 18.0,
      "max": 19.0,
      "ci95_low": 18.2,
      "ci95_high": 18.8
    },
    "tokens_cached": {
      "mean": 0.0,
      "stdev": 0.0,
      "p50": 0.0,
      "p95": 0.0,
      "p99": 0.0,
      "min": 0.0,
      "max": 0.0,
      "ci95_low": 0.0,
      "ci95_high": 0.0
    },
    "ram_peak_mb": {
      "mean": 94.87899999999999,
      "stdev": 0.1548838274320447,
      "p50": 94.85,
      "p95": 95.115,
      "p99": 95.151,
      "min": 94.67,
      "max": 95.16,
      "ci95_low": 94.784,
      "ci95_high": 94.981
    }
  },
  "cost": {
    "usd_per_run": {
      "mean": 5.0749999999999994e-05,
      "stdev": 1.2499999999999999e-06,
      "p50": 5.075e-05,
      "p95": 5.2e-05,
      "p99": 5.2000000000000004e-05,
      "min": 4.95e-05,
      "max": 5.2e-05,
      "ci95_low": 5e-05,
      "ci95_high": 5.149999999999999e-05
    },
    "pricing_table_date": "2026-06-10"
  }
}