{
  "task_id": "01_hello_world",
  "variant": "default",
  "framework": "llamaindex",
  "framework_version": "0.14.22",
  "model_alias": "gemini-2.5-flash",
  "n": 10,
  "n_failed": 0,
  "success_rate": 1.0,
  "stats": {
    "latency_ms": {
      "mean": 1003.0,
      "stdev": 186.14940236272585,
      "p50": 892.0,
      "p95": 1317.6499999999996,
      "p99": 1397.9299999999998,
      "min": 822.0,
      "max": 1418.0,
      "ci95_low": 896.5975000000001,
      "ci95_high": 1127.3024999999998
    },
    "cold_start_ms": {
      "mean": 0.1,
      "stdev": 0.3,
      "p50": 0.0,
      "p95": 0.5499999999999989,
      "p99": 0.9100000000000001,
      "min": 0.0,
      "max": 1.0,
      "ci95_low": 0.0,
      "ci95_high": 0.3
    },
    "tokens_input": {
      "mean": 15.0,
      "stdev": 0.0,
      "p50": 15.0,
      "p95": 15.0,
      "p99": 15.0,
      "min": 15.0,
      "max": 15.0,
      "ci95_low": 15.0,
      "ci95_high": 15.0
    },
    "tokens_output": {
      "mean": 18.3,
      "stdev": 0.458257569495584,
      "p50": 18.0,
      "p95": 19.0,
      "p99": 19.0,
      "min": 18.0,
      "max": 19.0,
      "ci95_low": 18.0,
      "ci95_high": 18.6
    },
    "tokens_cached": {
      "mean": 0.0,
      "stdev": 0.0,
      "p50": 0.0,
      "p95": 0.0,
      "p99": 0.0,
      "min": 0.0,
      "max": 0.0,
      "ci95_low": 0.0,
      "ci95_high": 0.0
    },
    "ram_peak_mb": {
      "mean": 133.31199999999998,
      "stdev": 0.19019989484749872,
      "p50": 133.26,
      "p95": 133.627,
      "p99": 133.7494,
      "min": 133.02,
      "max": 133.78,
      "ci95_low": 133.206,
      "ci95_high": 133.446
    }
  },
  "cost": {
    "usd_per_run": {
      "mean": 5.025e-05,
      "stdev": 1.1456439237389599e-06,
      "p50": 4.95e-05,
      "p95": 5.2e-05,
      "p99": 5.2000000000000004e-05,
      "min": 4.95e-05,
      "max": 5.2e-05,
      "ci95_low": 4.95e-05,
      "ci95_high": 5.099999999999999e-05
    },
    "pricing_table_date": "2026-06-10"
  }
}