{
  "n_passes": 12,
  "frameworks": [
    {
      "framework": "colmena",
      "framework_version": "0.4.0",
      "loc": 53,
      "total_mean": 37618.833333333336,
      "total_std": 5602.620098641079,
      "turn10_mean": 1927.3333333333333,
      "turn10_std": 90.10330771179302,
      "usd_mean": 0.018373149999999998,
      "usd_std": 0.002840216244168103,
      "output_mean": 2835,
      "output_std": 640.8629125852678,
      "cached_mean": 0,
      "cached_std": 0.0,
      "calls_mean": 18.833333333333332,
      "calls_std": 0.7177405625652734,
      "latency_ms_mean": 23171.333333333332,
      "latency_ms_std": 3865.869262082611,
      "wall_latency_ms_mean": 160807.41666666666,
      "wall_latency_ms_std": 32935.0002869518,
      "cold_start_ms_mean": 0,
      "cold_start_ms_std": 0.0,
      "ram_peak_mb_mean": 49.347500000000004,
      "ram_peak_mb_std": 3.2526635938174517,
      "cpu_total_s_mean": 0.80425,
      "cpu_total_s_std": 0.10824645700689446,
      "ttft_ms_mean": 0,
      "ttft_ms_std": 0.0,
      "quality_pass_rate": 1.0,
      "cum_mean": [
        4711,
        7535.333333333333,
        10264.583333333334,
        16198.916666666666,
        17787.583333333332,
        21074,
        24918.166666666668,
        31193.583333333332,
        35691.5,
        37618.833333333336
      ],
      "cum_std": [
        0.0,
        2152.221319023814,
        3236.743690763445,
        3001.809589332085,
        3012.068134516498,
        3498.1342299730427,
        4296.81894668673,
        4651.148899286426,
        5518.759289089268,
        5602.620098641079
      ],
      "per_turn_mean": [
        4711,
        2824.3333333333335,
        2729.25,
        5934.333333333333,
        1588.6666666666667,
        3286.4166666666665,
        3844.1666666666665,
        6275.416666666667,
        4497.916666666667,
        1927.3333333333333
      ],
      "per_turn_latency_ms_mean": [
        4704.5,
        1224.25,
        1479.25,
        3386.8333333333335,
        1363.9166666666667,
        1319.3333333333333,
        3325.3333333333335,
        2226.5833333333335,
        1989.5833333333333,
        2151.75
      ],
      "per_turn_calls_mean": [
        4,
        1.3333333333333333,
        1.6666666666666667,
        2.3333333333333335,
        1,
        1.75,
        1.75,
        2,
        2,
        1
      ]
    },
    {
      "framework": "langgraph",
      "framework_version": "1.2.4",
      "loc": 67,
      "total_mean": 404094.75,
      "total_std": 23121.428790095444,
      "turn10_mean": 71180.58333333333,
      "turn10_std": 20.886961280070192,
      "usd_mean": 0.12548696666666667,
      "usd_std": 0.007671391370816793,
      "output_mean": 1703.4166666666667,
      "output_std": 323.87103447158864,
      "cached_mean": 0,
      "cached_std": 0.0,
      "calls_mean": 13,
      "calls_std": 0.0,
      "latency_ms_mean": 21530.916666666668,
      "latency_ms_std": 2364.522956244253,
      "wall_latency_ms_mean": 21731.25,
      "wall_latency_ms_std": 2368.6057703751685,
      "cold_start_ms_mean": 0,
      "cold_start_ms_std": 0.0,
      "ram_peak_mb_mean": 107.18166666666667,
      "ram_peak_mb_std": 0.1947881522126631,
      "cpu_total_s_mean": 0.6025,
      "cpu_total_s_std": 0.02807619502839957,
      "ttft_ms_mean": 0,
      "ttft_ms_std": 0.0,
      "quality_pass_rate": 1.0,
      "cum_mean": [
        3338,
        7047.666666666667,
        10792.333333333334,
        25456,
        38587.25,
        115644.41666666667,
        164298.25,
        213000.25,
        332914.1666666667,
        404094.75
      ],
      "cum_std": [
        0.0,
        22.65686062395524,
        45.31372124791048,
        13408.742060177145,
        24954.163526262597,
        23049.254136851185,
        23070.59112662305,
        23090.369429404192,
        23110.96005965109,
        23121.428790095444
      ],
      "per_turn_mean": [
        3338,
        3709.6666666666665,
        3744.6666666666665,
        14663.666666666666,
        13131.25,
        77057.16666666667,
        48653.833333333336,
        48702,
        119913.91666666667,
        71180.58333333333
      ],
      "per_turn_latency_ms_mean": [
        3599.75,
        810.75,
        1012.0833333333334,
        1912.0833333333333,
        1272.75,
        3517.5833333333335,
        1813.75,
        1595.5,
        3418.75,
        2577.9166666666665
      ],
      "per_turn_calls_mean": [
        1,
        1,
        1,
        1.4166666666666667,
        1,
        2.5833333333333335,
        1,
        1,
        2,
        1
      ]
    },
    {
      "framework": "llamaindex",
      "framework_version": "0.14.22",
      "loc": 97,
      "total_mean": 419933.75,
      "total_std": 34872.87338090897,
      "turn10_mean": 71225.08333333333,
      "turn10_std": 30.260860810123972,
      "usd_mean": 0.130613875,
      "usd_std": 0.010879390561400944,
      "output_mean": 1853.5,
      "output_std": 171.52444829713448,
      "cached_mean": 0,
      "cached_std": 0.0,
      "calls_mean": 13,
      "calls_std": 0.0,
      "latency_ms_mean": 21929.166666666668,
      "latency_ms_std": 1571.704218838631,
      "wall_latency_ms_mean": 22480.416666666668,
      "wall_latency_ms_std": 1576.6703960811808,
      "cold_start_ms_mean": 0,
      "cold_start_ms_std": 0.0,
      "ram_peak_mb_mean": 174.11083333333335,
      "ram_peak_mb_std": 0.8639597879250575,
      "cpu_total_s_mean": 1.0625,
      "cpu_total_s_std": 0.05818387780445401,
      "ttft_ms_mean": 0,
      "ttft_ms_std": 0.0,
      "quality_pass_rate": 1.0,
      "cum_mean": [
        3400,
        7162,
        24053.666666666668,
        39068.833333333336,
        54104,
        131147.58333333334,
        179839.08333333334,
        228577.58333333334,
        348708.6666666667,
        419933.75
      ],
      "cum_std": [
        0.0,
        10.44465935734187,
        13656.050888847327,
        25347.986507209935,
        37048.27803874781,
        34906.76676378829,
        34891.688216949144,
        34879.24027649042,
        34872.663235713946,
        34872.87338090897
      ],
      "per_turn_mean": [
        3400,
        3762,
        16891.666666666668,
        15015.166666666666,
        15035.166666666666,
        77043.58333333333,
        48691.5,
        48738.5,
        120131.08333333333,
        71225.08333333333
      ],
      "per_turn_latency_ms_mean": [
        3355.75,
        783.3333333333334,
        1564.25,
        1450.0,
        1294.6666666666667,
        3427.5,
        2189.75,
        1742.3333333333333,
        3521.3333333333335,
        2600.25
      ],
      "per_turn_calls_mean": [
        1,
        1,
        1.5,
        1,
        1,
        2.5,
        1,
        1,
        2,
        1
      ]
    },
    {
      "framework": "google_adk",
      "framework_version": "2.2.0",
      "loc": 83,
      "total_mean": 445369.5833333333,
      "total_std": 11614.390912361763,
      "turn10_mean": 71395.08333333333,
      "turn10_std": 34.45011764944506,
      "usd_mean": 0.13902254166666667,
      "usd_std": 0.0039062188665716976,
      "output_mean": 2164.6666666666665,
      "output_std": 179.14713776585148,
      "cached_mean": 0,
      "cached_std": 0.0,
      "calls_mean": 13,
      "calls_std": 0.0,
      "latency_ms_mean": 24463.083333333332,
      "latency_ms_std": 1879.647136049904,
      "wall_latency_ms_mean": 25678.333333333332,
      "wall_latency_ms_std": 1883.3894172394876,
      "cold_start_ms_mean": 0,
      "cold_start_ms_std": 0.0,
      "ram_peak_mb_mean": 249.92333333333335,
      "ram_peak_mb_std": 0.13812598553055994,
      "cpu_total_s_mean": 1.3928333333333334,
      "cpu_total_s_std": 0.0682812809877885,
      "ttft_ms_mean": 0,
      "ttft_ms_std": 0.0,
      "quality_pass_rate": 1.0,