framework,version,n_passes,loc,total_in_mean,total_in_std,turn10_in_mean,turn10_in_std,output_mean,output_std,cached_mean,usd_mean,usd_std,calls_mean,calls_std,provider_latency_ms_mean,provider_latency_ms_std,wall_latency_ms_mean,wall_latency_ms_std,ttft_ms_mean,cold_start_ms_mean,ram_peak_mb_mean,ram_peak_mb_std,cpu_total_s_mean,cpu_total_s_std,quality_pass_rate
colmena,0.4.0,12,53,39084.6,9326.4,2295.6,163.5,2525.2,1058.9,0,0.018038,0.004863,18,1.91,21777.3,5817.4,172040.8,10776.6,0,0,50.62,3.12,0.936,0.069,1.0
langgraph,1.2.4,12,67,404094.8,23121.4,71180.6,20.9,1703.4,323.9,0.0,0.125487,0.007671,13.00,0.00,21530.9,2364.5,21731.2,2368.6,0.0,0.0,107.18,0.19,0.603,0.028,1.00
llamaindex,0.14.22,12,97,419933.8,34872.9,71225.1,30.3,1853.5,171.5,0.0,0.130614,0.010879,13.00,0.00,21929.2,1571.7,22480.4,1576.7,0.0,0.0,174.11,0.86,1.062,0.058,1.00
google_adk,2.2.0,12,83,445369.6,11614.4,71395.1,34.5,2164.7,179.1,0.0,0.139023,0.003906,13.00,0.00,24463.1,1879.6,25678.3,1883.4,0.0,0.0,249.92,0.14,1.393,0.068,1.00
langchain,1.3.6,12,70,452157.7,455.9,71143.6,55.8,1960.0,175.6,0.0,0.140547,0.000378,13.00,0.00,22690.9,2697.5,22855.2,2698.2,0.0,0.0,96.31,0.25,0.538,0.029,1.00
crewai,1.14.6,12,124,452358.5,284.6,71202.1,41.0,2502.5,56.9,0.0,0.141964,0.000206,13.00,0.00,26470.4,2500.2,26772.4,2499.0,0.0,0.0,279.38,1.33,1.484,0.100,1.00
