{
  "n_passes": 12,
  "frameworks": [
    {
      "framework": "langgraph",
      "framework_version": "1.2.4",
      "loc": 67,
      "total_mean": 404094.75,
      "total_std": 23121.428790095444,
      "turn10_mean": 71180.58333333333,
      "turn10_std": 20.886961280070192,
      "usd_mean": 0.12548696666666667,
      "usd_std": 0.007671391370816793,
      "output_mean": 1703.4166666666667,
      "output_std": 323.87103447158864,
      "cached_mean": 0,
      "cached_std": 0.0,
      "calls_mean": 13,
      "calls_std": 0.0,
      "latency_ms_mean": 21530.916666666668,
      "latency_ms_std": 2364.522956244253,
      "wall_latency_ms_mean": 21731.25,
      "wall_latency_ms_std": 2368.6057703751685,
      "cold_start_ms_mean": 0,
      "cold_start_ms_std": 0.0,
      "ram_peak_mb_mean": 107.18166666666667,
      "ram_peak_mb_std": 0.1947881522126631,
      "cpu_total_s_mean": 0.6025,
      "cpu_total_s_std": 0.02807619502839957,
      "ttft_ms_mean": 0,
      "ttft_ms_std": 0.0,
      "quality_pass_rate": 1.0,
      "cum_mean": [
        3338,
        7047.666666666667,
        10792.333333333334,
        25456,
        38587.25,
        115644.41666666667,
        164298.25,
        213000.25,
        332914.1666666667,
        404094.75
      ],
      "cum_std": [
        0.0,
        22.65686062395524,
        45.31372124791048,
        13408.742060177145,
        24954.163526262597,
        23049.254136851185,
        23070.59112662305,
        23090.369429404192,
        23110.96005965109,
        23121.428790095444
      ],
      "per_turn_mean": [
        3338,
        3709.6666666666665,
        3744.6666666666665,
        14663.666666666666,
        13131.25,
        77057.16666666667,
        48653.833333333336,
        48702,
        119913.91666666667,
        71180.58333333333
      ],
      "per_turn_latency_ms_mean": [
        3599.75,
        810.75,
        1012.0833333333334,
        1912.0833333333333,
        1272.75,
        3517.5833333333335,
        1813.75,
        1595.5,
        3418.75,
        2577.9166666666665
      ],
      "per_turn_calls_mean": [
        1,
        1,
        1,
        1.4166666666666667,
        1,
        2.5833333333333335,
        1,
        1,
        2,
        1
      ]
    },
    {
      "framework": "llamaindex",
      "framework_version": "0.14.22",
      "loc": 97,
      "total_mean": 419933.75,
      "total_std": 34872.87338090897,
      "turn10_mean": 71225.08333333333,
      "turn10_std": 30.260860810123972,
      "usd_mean": 0.130613875,
      "usd_std": 0.010879390561400944,
      "output_mean": 1853.5,
      "output_std": 171.52444829713448,
      "cached_mean": 0,
      "cached_std": 0.0,
      "calls_mean": 13,
      "calls_std": 0.0,
      "latency_ms_mean": 21929.166666666668,
      "latency_ms_std": 1571.704218838631,
      "wall_latency_ms_mean": 22480.416666666668,
      "wall_latency_ms_std": 1576.6703960811808,
      "cold_start_ms_mean": 0,
      "cold_start_ms_std": 0.0,
      "ram_peak_mb_mean": 174.11083333333335,
      "ram_peak_mb_std": 0.8639597879250575,
      "cpu_total_s_mean": 1.0625,
      "cpu_total_s_std": 0.05818387780445401,
      "ttft_ms_mean": 0,
      "ttft_ms_std": 0.0,
      "quality_pass_rate": 1.0,
      "cum_mean": [
        3400,
        7162,
        24053.666666666668,
        39068.833333333336,
        54104,
        131147.58333333334,
        179839.08333333334,
        228577.58333333334,
        348708.6666666667,
        419933.75
      ],
      "cum_std": [
        0.0,
        10.44465935734187,
        13656.050888847327,
        25347.986507209935,
        37048.27803874781,
        34906.76676378829,
        34891.688216949144,
        34879.24027649042,
        34872.663235713946,
        34872.87338090897
      ],
      "per_turn_mean": [
        3400,
        3762,
        16891.666666666668,
        15015.166666666666,
        15035.166666666666,
        77043.58333333333,
        48691.5,
        48738.5,
        120131.08333333333,
        71225.08333333333
      ],
      "per_turn_latency_ms_mean": [
        3355.75,
        783.3333333333334,
        1564.25,
        1450.0,
        1294.6666666666667,
        3427.5,
        2189.75,
        1742.3333333333333,
        3521.3333333333335,
        2600.25
      ],
      "per_turn_calls_mean": [
        1,
        1,
        1.5,
        1,
        1,
        2.5,
        1,
        1,
        2,
        1
      ]
    },
    {
      "framework": "google_adk",
      "framework_version": "2.2.0",
      "loc": 83,
      "total_mean": 445369.5833333333,
      "total_std": 11614.390912361763,
      "turn10_mean": 71395.08333333333,
      "turn10_std": 34.45011764944506,
      "usd_mean": 0.13902254166666667,
      "usd_std": 0.0039062188665716976,
      "output_mean": 2164.6666666666665,
      "output_std": 179.14713776585148,
      "cached_mean": 0,
      "cached_std": 0.0,
      "calls_mean": 13,
      "calls_std": 0.0,
      "latency_ms_mean": 24463.083333333332,
      "latency_ms_std": 1879.647136049904,
      "wall_latency_ms_mean": 25678.333333333332,
      "wall_latency_ms_std": 1883.3894172394876,
      "cold_start_ms_mean": 0,
      "cold_start_ms_std": 0.0,
      "ram_peak_mb_mean": 249.92333333333335,
      "ram_peak_mb_std": 0.13812598553055994,
      "cpu_total_s_mean": 1.3928333333333334,
      "cpu_total_s_std": 0.0682812809877885,
      "ttft_ms_mean": 0,
      "ttft_ms_std": 0.0,
      "quality_pass_rate": 1.0,
      "cum_mean": [
        3351,
        7188.5,
        26412,
        54364.083333333336,
        80730.83333333333,
        155926.58333333334,
        204756.25,
        253633.83333333334,
        373974.5,
        445369.5833333333
      ],
      "cum_std": [
        0.0,
        3.0895719032666236,
        13557.041511533944,
        11570.961981367082,
        11578.686853111809,
        11586.063740219292,
        11589.836661528458,
        11593.545067942947,
        11607.19672131358,
        11614.390912361763
      ],
      "per_turn_mean": [
        3351,
        3837.5,
        19223.5,
        27952.083333333332,
        26366.75,
        75195.75,
        48829.666666666664,
        48877.583333333336,
        120340.66666666667,
        71395.08333333333
      ],
      "per_turn_latency_ms_mean": [
        4098.333333333333,
        888.3333333333334,
        2120.4166666666665,
        2196.6666666666665,
        1858.3333333333333,
        2915.9166666666665,
        2464.5,
        1766.5833333333333,
        3594.9166666666665,
        2559.0833333333335
      ],
      "per_turn_calls_mean": [
        1,
        1,
        1.5833333333333333,
        1.4166666666666667,
        1,
        2,
        1,
        1,
        2,
        1
      ]
    },
    {
      "framework": "langchain",
      "framework_version": "1.3.6",
      "loc": 70,
      "total_mean": 452157.6666666667,
      "total_std": 455.9444410597999,
      "turn10_mean": 71143.58333333333,
      "turn10_std": 55.83980062046545,
      "usd_mean": 0.1405473,
      "usd_std": 0.0003775033389376638,
      "output_mean": 1960,
      "output_std": 175.55263390996808,
      "cached_mean": 0,
      "cached_std": 0.0,
      "calls_mean": 13,
      "calls_std": 0.0,
      "latency_ms_mean": 22690.916666666668,
      "latency_ms_std": 2697.5087651162116,
      "wall_latency_ms_mean": 22855.166666666668,
      "wall_latency_ms_std": 2698.1675543811493,
      "cold_start_ms_mean": 0,
      "cold_start_ms_std": 0.0,
      "ram_peak_mb_mean": 96.30916666666667,
      "ram_peak_mb_std": 0.252206925625235,
      "cpu_total_s_mean": 0.5376666666666667,
      "cpu_total_s_std": 0.029030809130781703,
      "ttft_ms_mean": 0,
      "ttft_ms_std": 0.0,
      "quality_pass_rate": 1.0,