{
  "task_id": "01_hello_world",
  "variant": "default",
  "framework": "colmena",
  "framework_version": "0.3.0",
  "model_alias": "gemini-2.5-flash",
  "n": 10,
  "n_failed": 0,
  "success_rate": 1.0,
  "stats": {
    "latency_ms": {
      "mean": 844.4,
      "stdev": 137.91606142868204,
      "p50": 761.0,
      "p95": 1070.4499999999998,
      "p99": 1084.49,
      "min": 736.0,
      "max": 1088.0,
      "ci95_low": 759.195,
      "ci95_high": 936.0024999999999
    },
    "cold_start_ms": {
      "mean": 0.5,
      "stdev": 0.5,
      "p50": 0.5,
      "p95": 1.0,
      "p99": 1.0,
      "min": 0.0,
      "max": 1.0,
      "ci95_low": 0.2,
      "ci95_high": 0.8
    },
    "tokens_input": {
      "mean": 14.0,
      "stdev": 0.0,
      "p50": 14.0,
      "p95": 14.0,
      "p99": 14.0,
      "min": 14.0,
      "max": 14.0,
      "ci95_low": 14.0,
      "ci95_high": 14.0
    },
    "tokens_output": {
      "mean": 19.0,
      "stdev": 0.0,
      "p50": 19.0,
      "p95": 19.0,
      "p99": 19.0,
      "min": 19.0,
      "max": 19.0,
      "ci95_low": 19.0,
      "ci95_high": 19.0
    },
    "tokens_cached": {
      "mean": 0.0,
      "stdev": 0.0,
      "p50": 0.0,
      "p95": 0.0,
      "p99": 0.0,
      "min": 0.0,
      "max": 0.0,
      "ci95_low": 0.0,
      "ci95_high": 0.0
    },
    "ram_peak_mb": {
      "mean": 36.719,
      "stdev": 0.09385627309881837,
      "p50": 36.735,
      "p95": 36.821,
      "p99": 36.828199999999995,
      "min": 36.5,
      "max": 36.83,
      "ci95_low": 36.657,
      "ci95_high": 36.769999999999996
    }
  },
  "cost": {
    "usd_per_run": {
      "mean": 5.1699999999999996e-05,
      "stdev": 0.0,
      "p50": 5.17e-05,
      "p95": 5.17e-05,
      "p99": 5.17e-05,
      "min": 5.17e-05,
      "max": 5.17e-05,
      "ci95_low": 5.1699999999999996e-05,
      "ci95_high": 5.1699999999999996e-05
    },
    "pricing_table_date": "2026-06-10"
  }
}